{
    "overall_correlation": -0.048853682630513304,
    "per_ticker": {
        "aapl": 0.09851248154615015,
        "adm": 0.41261682256783605,
        "amzn": 0.2932467615197689,
        "bac": NaN,
        "c": NaN,
        "cah": -0.38239733559483524,
        "ci": -0.48549665045328527,
        "cmcsa": 0.441806148111323,
        "cnc": -0.027003314408152467,
        "cor": -0.8142929937202595,
        "cost": -0.24756120746139856,
        "cvs": 0.003732459511259654,
        "cvx": -0.1644424026965919,
        "dell": -0.7648347655968329,
        "dis": -0.19021616167618266,
        "elv": 0.27967536119155784,
        "et": -0.054155181293900956,
        "f": 0.35734099128050195,
        "fdx": -0.06420647964497536,
        "fmcc": -0.4258029991287265,
        "fnma": 1.0,
        "gm": 0.11724484825404087,
        "googl": -0.27699274412940306,
        "gs": NaN,
        "hd": 0.040126445747091594,
        "hum": 0.5593835149662978,
        "jnj": 0.2042320670091659,
        "jpm": NaN,
        "kr": 0.09663968528647567,
        "low": 0.16289972660201396,
        "mck": -0.6682778920706366,
        "meta": -1.0,
        "mpc": -0.11721323223750049,
        "ms": NaN,
        "msft": 0.4480532740773412,
        "pep": 0.2626818917723591,
        "pg": 0.44522444010141554,
        "psx": -0.2472434326587454,
        "t": 0.0787296253354631,
        "tgt": -0.35702307320573956,
        "tsla": -0.18087199727829054,
        "unh": -0.7957290257334004,
        "ups": 0.3756949976151346,
        "vlo": -0.44024896117975615,
        "vz": -0.7155745492271168,
        "wba": 0.48207668137692145,
        "wfc": -0.823752657762966,
        "wmt": -0.4321157121101621,
        "xom": -0.09920189312557466
    }
}